ticker,quarter,date,sentiment_delta,uncertainty_delta,narrative_shock,topic_delta_js,confidence_delta,qa_sentiment_divergence,mnds_score,mnds_zscore,mnds_percentile,signal,actual_5d_return
NVDA,2024Q4,2024-11-20,1.45,-1.28,0.26,0.245,1.62,0.13,2.41,2.18,96.5,LONG,0.092
NVDA,2024Q3,2024-08-28,-0.68,0.85,0.18,0.182,-0.72,0.20,-0.42,-0.58,38.0,FLAT,-0.048
MSFT,2024Q4,2024-10-30,-1.12,1.34,0.24,0.210,-1.05,0.26,-1.82,-1.74,7.2,SHORT,-0.061
META,2024Q4,2024-10-30,1.25,-1.15,0.23,0.198,1.40,0.16,1.95,1.82,92.4,LONG,0.079
AAPL,2024Q4,2024-10-31,-0.25,0.15,0.15,0.115,-0.22,0.16,0.12,0.08,51.5,FLAT,-0.011
AMZN,2024Q4,2024-10-31,1.38,-1.32,0.25,0.218,1.48,0.16,2.15,2.01,94.8,LONG,0.084
JPM,2024Q4,2025-01-15,0.95,-0.85,0.20,0.185,1.10,0.14,1.48,1.36,88.0,LONG,0.046
XOM,2024Q4,2025-01-31,-1.35,1.25,0.23,0.212,-1.15,0.26,-1.98,-1.88,5.4,SHORT,-0.054
WMT,2024Q4,2024-11-19,1.05,-1.02,0.19,0.165,1.18,0.13,1.62,1.51,90.2,LONG,0.043
